"","Station.Name","Climate.ID","Date.Time","Year","Mean.Max.Temp","Mean.Min.Temp"
"1","RIMOUSKI",7056480,"Jan-54",1954,-9.8,-19.1
"2","RIMOUSKI",7056480,"Feb-54",1954,-1.8,-10.5
"3","RIMOUSKI",7056480,"Mar-54",1954,-0.4,-8.2
"4","RIMOUSKI",7056480,"Apr-54",1954,7,-3.4
"5","RIMOUSKI",7056480,"May-54",1954,12.1,4.1
"6","RIMOUSKI",7056480,"Jun-54",1954,18.8,9.7
"7","RIMOUSKI",7056480,"Jul-54",1954,19.8,10.1
"8","RIMOUSKI",7056480,"Aug-54",1954,21.2,11.3
"9","RIMOUSKI",7056480,"Sep-54",1954,15.8,7.4
"10","RIMOUSKI",7056480,"Oct-54",1954,10.4,2.7
"11","RIMOUSKI",7056480,"Nov-54",1954,3.4,-2.7
"12","RIMOUSKI",7056480,"Dec-54",1954,-2.7,-10.1
"13","RIMOUSKI",7056480,"Jan-55",1955,-7.3,-13.5
"14","RIMOUSKI",7056480,"Feb-55",1955,-4.8,-14.4
"15","RIMOUSKI",7056480,"Mar-55",1955,-1.1,-10.2
"16","RIMOUSKI",7056480,"Apr-55",1955,7.9,-1.8
"17","RIMOUSKI",7056480,"May-55",1955,12.7,4.1
"18","RIMOUSKI",7056480,"Jun-55",1955,21,10.3
"19","RIMOUSKI",7056480,"Jul-55",1955,25.2,12.8
"20","RIMOUSKI",7056480,"Aug-55",1955,22.7,12.1
"21","RIMOUSKI",7056480,"Sep-55",1955,15.9,6.2
"22","RIMOUSKI",7056480,"Oct-55",1955,10.2,2.1
"23","RIMOUSKI",7056480,"Nov-55",1955,2.4,-2.2
"24","RIMOUSKI",7056480,"Dec-55",1955,-6.3,-12.7
"25","RIMOUSKI",7056480,"Jan-56",1956,-2.9,-8.9
"26","RIMOUSKI",7056480,"Feb-56",1956,-5.8,-14.5
"27","RIMOUSKI",7056480,"Mar-56",1956,-2.1,-12.3
"28","RIMOUSKI",7056480,"Apr-56",1956,6.3,-1.1
"29","RIMOUSKI",7056480,"May-56",1956,11.2,1.7
"30","RIMOUSKI",7056480,"Jun-56",1956,18.8,8.3
"31","RIMOUSKI",7056480,"Jul-56",1956,20.1,11
"32","RIMOUSKI",7056480,"Aug-56",1956,19.8,9.8
"33","RIMOUSKI",7056480,"Sep-56",1956,15.1,5.4
"34","RIMOUSKI",7056480,"Oct-56",1956,10.8,2.7
"35","RIMOUSKI",7056480,"Nov-56",1956,3.2,-4.4
"36","RIMOUSKI",7056480,"Dec-56",1956,-5.2,-13.7
"37","RIMOUSKI",7056480,"Jan-57",1957,-10.2,-19.8
"38","RIMOUSKI",7056480,"Feb-57",1957,-4.6,-11.9
"39","RIMOUSKI",7056480,"Mar-57",1957,1.2,-7.9
"40","RIMOUSKI",7056480,"Apr-57",1957,6.2,-2.9
"41","RIMOUSKI",7056480,"May-57",1957,13.2,2.1
"42","RIMOUSKI",7056480,"Jun-57",1957,18.8,7.7
"43","RIMOUSKI",7056480,"Jul-57",1957,21.3,12
"44","RIMOUSKI",7056480,"Aug-57",1957,20.5,9.3
"45","RIMOUSKI",7056480,"Sep-57",1957,16.1,7.9
"46","RIMOUSKI",7056480,"Oct-57",1957,10.8,3.7
"47","RIMOUSKI",7056480,"Nov-57",1957,3.7,-1.3
"48","RIMOUSKI",7056480,"Dec-57",1957,0.1,-9.7
"49","RIMOUSKI",7056480,"Jan-58",1958,-3.6,-11.1
"50","RIMOUSKI",7056480,"Feb-58",1958,-5.4,-13.1
"51","RIMOUSKI",7056480,"Mar-58",1958,3,-3.9
"52","RIMOUSKI",7056480,"Apr-58",1958,8.4,0.1
"53","RIMOUSKI",7056480,"May-58",1958,13.4,3.9
"54","RIMOUSKI",7056480,"Jun-58",1958,16.9,7.4
"55","RIMOUSKI",7056480,"Jul-58",1958,22.4,13.4
"56","RIMOUSKI",7056480,"Aug-58",1958,20.6,11.4
"57","RIMOUSKI",7056480,"Sep-58",1958,16.3,7.8
"58","RIMOUSKI",7056480,"Oct-58",1958,8.7,1.7
"59","RIMOUSKI",7056480,"Nov-58",1958,3.2,-3.6
"60","RIMOUSKI",7056480,"Dec-58",1958,-8.9,-16.3
"61","RIMOUSKI",7056480,"Jan-59",1959,-5.9,-14.7
"62","RIMOUSKI",7056480,"Feb-59",1959,-7.7,-19
"63","RIMOUSKI",7056480,"Mar-59",1959,-1.6,-12.2
"64","RIMOUSKI",7056480,"Apr-59",1959,7.2,-1.1
"65","RIMOUSKI",7056480,"May-59",1959,16.1,3.9
"66","RIMOUSKI",7056480,"Jun-59",1959,19.6,7.8
"67","RIMOUSKI",7056480,"Jul-59",1959,26.3,14.7
"68","RIMOUSKI",7056480,"Aug-59",1959,19.9,10.2
"69","RIMOUSKI",7056480,"Sep-59",1959,19,8.9
"70","RIMOUSKI",7056480,"Oct-59",1959,9.4,2.9
"71","RIMOUSKI",7056480,"Nov-59",1959,2.5,-4.2
"72","RIMOUSKI",7056480,"Dec-59",1959,-3,-10.3
"73","RIMOUSKI",7056480,"Jan-60",1960,-6.4,-14.7
"74","RIMOUSKI",7056480,"Feb-60",1960,-1.8,-9.4
"75","RIMOUSKI",7056480,"Mar-60",1960,-2.4,-9.6
"76","RIMOUSKI",7056480,"Apr-60",1960,5.8,-2.9
"77","RIMOUSKI",7056480,"May-60",1960,15.4,5.8
"78","RIMOUSKI",7056480,"Jun-60",1960,21.8,10.6
"79","RIMOUSKI",7056480,"Jul-60",1960,22.9,11.7
"80","RIMOUSKI",7056480,"Aug-60",1960,23.6,10.8
"81","RIMOUSKI",7056480,"Sep-60",1960,17.3,7.1
"82","RIMOUSKI",7056480,"Oct-60",1960,9.7,1.9
"83","RIMOUSKI",7056480,"Nov-60",1960,4.2,-2.3
"84","RIMOUSKI",7056480,"Dec-60",1960,-4,-11.4
"85","RIMOUSKI",7056480,"Jan-61",1961,-10.9,-19.3
"86","RIMOUSKI",7056480,"Feb-61",1961,-5.5,-16.7
"87","RIMOUSKI",7056480,"Mar-61",1961,-1.2,-10.6
"88","RIMOUSKI",7056480,"Apr-61",1961,5.9,-1
"89","RIMOUSKI",7056480,"May-61",1961,14.6,4.2
"90","RIMOUSKI",7056480,"Jun-61",1961,20.6,9.2
"91","RIMOUSKI",7056480,"Jul-61",1961,21.3,11.8
"92","RIMOUSKI",7056480,"Aug-61",1961,22.3,10.9
"93","RIMOUSKI",7056480,"Sep-61",1961,19.4,8.8
"94","RIMOUSKI",7056480,"Oct-61",1961,11.6,3.6
"95","RIMOUSKI",7056480,"Nov-61",1961,5.7,-1.3
"96","RIMOUSKI",7056480,"Dec-61",1961,-1.2,-7.6
"97","RIMOUSKI",7056480,"Jan-62",1962,-7.1,-16.7
"98","RIMOUSKI",7056480,"Feb-62",1962,-6.3,-18.7
"99","RIMOUSKI",7056480,"Mar-62",1962,4.1,-6.6
"100","RIMOUSKI",7056480,"Apr-62",1962,7.8,0
"101","RIMOUSKI",7056480,"May-62",1962,13.6,4.3
"102","RIMOUSKI",7056480,"Jun-62",1962,21.2,10.7
"103","RIMOUSKI",7056480,"Jul-62",1962,19.8,10.4
"104","RIMOUSKI",7056480,"Aug-62",1962,20.7,11.7
"105","RIMOUSKI",7056480,"Sep-62",1962,14.9,7.6
"106","RIMOUSKI",7056480,"Oct-62",1962,9.3,2.8
"107","RIMOUSKI",7056480,"Nov-62",1962,2.9,-3.3
"108","RIMOUSKI",7056480,"Dec-62",1962,-2.1,-10.3
"109","RIMOUSKI",7056480,"Jan-63",1963,-5.2,-12.5
"110","RIMOUSKI",7056480,"Feb-63",1963,-7.2,-15.8
"111","RIMOUSKI",7056480,"Mar-63",1963,0.5,-10.8
"112","RIMOUSKI",7056480,"Apr-63",1963,6.8,-0.1
"113","RIMOUSKI",7056480,"May-63",1963,16.3,4.6
"114","RIMOUSKI",7056480,"Jun-63",1963,21.8,10.8
"115","RIMOUSKI",7056480,"Jul-63",1963,22.9,13.2
"116","RIMOUSKI",7056480,"Aug-63",1963,19.1,11.2
"117","RIMOUSKI",7056480,"Sep-63",1963,15.3,6.3
"118","RIMOUSKI",7056480,"Oct-63",1963,13,3.3
"119","RIMOUSKI",7056480,"Nov-63",1963,5,-0.6
"120","RIMOUSKI",7056480,"Dec-63",1963,-7.9,-14.3
"121","RIMOUSKI",7056480,"Jan-64",1964,-5.2,-14.2
"122","RIMOUSKI",7056480,"Feb-64",1964,-3.9,-13.7
"123","RIMOUSKI",7056480,"Mar-64",1964,-0.8,-10.4
"124","RIMOUSKI",7056480,"Apr-64",1964,7.8,-1.4
"125","RIMOUSKI",7056480,"May-64",1964,14.4,3.9
"126","RIMOUSKI",7056480,"Jun-64",1964,20.1,8.3
"127","RIMOUSKI",7056480,"Jul-64",1964,20.4,11.1
"128","RIMOUSKI",7056480,"Aug-64",1964,19.8,10.8
"129","RIMOUSKI",7056480,"Sep-64",1964,16.6,6.3
"130","RIMOUSKI",7056480,"Oct-64",1964,8.6,0.6
"131","RIMOUSKI",7056480,"Nov-64",1964,2.6,-4.5
"132","RIMOUSKI",7056480,"Dec-64",1964,-3.8,-11.7
"133","RIMOUSKI",7056480,"Jan-65",1965,-7.6,-16.9
"134","RIMOUSKI",7056480,"Feb-65",1965,-4.6,-15.4
"135","RIMOUSKI",7056480,"Mar-65",1965,-2.8,-7.8
"136","RIMOUSKI",7056480,"Apr-65",1965,4.9,-1.5
"137","RIMOUSKI",7056480,"May-65",1965,11,3.4
"138","RIMOUSKI",7056480,"Jun-65",1965,17.9,9.9
"139","RIMOUSKI",7056480,"Jul-65",1965,18.2,10.3
"140","RIMOUSKI",7056480,"Aug-65",1965,19.4,10.3
"141","RIMOUSKI",7056480,"Sep-65",1965,15.4,7.2
"142","RIMOUSKI",7056480,"Oct-65",1965,8.6,1.2
"143","RIMOUSKI",7056480,"Nov-65",1965,0.8,-5.4
"144","RIMOUSKI",7056480,"Dec-65",1965,-3.6,-11.6
"145","RIMOUSKI",7056480,"Jan-66",1966,-3.8,-11.7
"146","RIMOUSKI",7056480,"Feb-66",1966,-2.8,-10.6
"147","RIMOUSKI",7056480,"Mar-66",1966,2.5,-4.2
"148","RIMOUSKI",7056480,"Apr-66",1966,6.6,-0.7
"149","RIMOUSKI",7056480,"May-66",1966,12.6,3.6
"150","RIMOUSKI",7056480,"Jun-66",1966,21.2,10.2
"151","RIMOUSKI",7056480,"Jul-66",1966,22.3,11.1
"152","RIMOUSKI",7056480,"Aug-66",1966,20.8,10.3
"153","RIMOUSKI",7056480,"Sep-66",1966,15,5.8
"154","RIMOUSKI",7056480,"Oct-66",1966,10.4,2.2
"155","RIMOUSKI",7056480,"Nov-66",1966,5.6,-1.4
"156","RIMOUSKI",7056480,"Dec-66",1966,-2.9,-9.9
"157","RIMOUSKI",7056480,"Jan-67",1967,-6.3,-14.2
"158","RIMOUSKI",7056480,"Feb-67",1967,-8.2,-18.4
"159","RIMOUSKI",7056480,"Mar-67",1967,-3.1,-13.3
"160","RIMOUSKI",7056480,"Apr-67",1967,4.4,-3.7
"161","RIMOUSKI",7056480,"May-67",1967,9.9,2
"162","RIMOUSKI",7056480,"Jun-67",1967,21.8,10.3
"163","RIMOUSKI",7056480,"Jul-67",1967,24.9,12.2
"164","RIMOUSKI",7056480,"Aug-67",1967,22.2,12.6
"165","RIMOUSKI",7056480,"Sep-67",1967,17.9,7.7
"166","RIMOUSKI",7056480,"Oct-67",1967,10.1,2.6
"167","RIMOUSKI",7056480,"Nov-67",1967,3.4,-3.9
"168","RIMOUSKI",7056480,"Dec-67",1967,-3.1,-10.6
"169","RIMOUSKI",7056480,"Jan-68",1968,-9.9,-18.2
"170","RIMOUSKI",7056480,"Feb-68",1968,-7.6,-15.9
"171","RIMOUSKI",7056480,"Mar-68",1968,1.1,-7.2
"172","RIMOUSKI",7056480,"Apr-68",1968,9.5,0.2
"173","RIMOUSKI",7056480,"May-68",1968,14.5,4.6
"174","RIMOUSKI",7056480,"Jun-68",1968,19.6,8.3
"175","RIMOUSKI",7056480,"Jul-68",1968,22.5,12.4
"176","RIMOUSKI",7056480,"Aug-68",1968,18.6,8.7
"177","RIMOUSKI",7056480,"Sep-68",1968,18.1,8.4
"178","RIMOUSKI",7056480,"Oct-68",1968,12.2,3.3
"179","RIMOUSKI",7056480,"Nov-68",1968,1.5,-2.4
"180","RIMOUSKI",7056480,"Dec-68",1968,-2.4,-8.8
"181","RIMOUSKI",7056480,"Jan-69",1969,-3.7,-11.7
"182","RIMOUSKI",7056480,"Feb-69",1969,-3.6,-11.4
"183","RIMOUSKI",7056480,"Mar-69",1969,-2.1,-8.6
"184","RIMOUSKI",7056480,"Apr-69",1969,3.3,-4.8
"185","RIMOUSKI",7056480,"May-69",1969,11.5,3
"186","RIMOUSKI",7056480,"Jun-69",1969,20.9,9.1
"187","RIMOUSKI",7056480,"Jul-69",1969,22.1,11.9
"188","RIMOUSKI",7056480,"Aug-69",1969,22.5,12.8
"189","RIMOUSKI",7056480,"Sep-69",1969,15.6,6.9
"190","RIMOUSKI",7056480,"Oct-69",1969,10.9,2.2
"191","RIMOUSKI",7056480,"Nov-69",1969,6,-0.2
"192","RIMOUSKI",7056480,"Dec-69",1969,-2.3,-8.8
"193","RIMOUSKI",7056480,"Jan-70",1970,-10.6,-17.5
"194","RIMOUSKI",7056480,"Feb-70",1970,-4.3,-15.2
"195","RIMOUSKI",7056480,"Mar-70",1970,0.9,-8.1
"196","RIMOUSKI",7056480,"Apr-70",1970,6.6,-2.1
"197","RIMOUSKI",7056480,"May-70",1970,14,3.7
"198","RIMOUSKI",7056480,"Jun-70",1970,20.6,10.4
"199","RIMOUSKI",7056480,"Jul-70",1970,25.1,13.1
"200","RIMOUSKI",7056480,"Aug-70",1970,22.4,12.6
"201","RIMOUSKI",7056480,"Sep-70",1970,14.2,6.6
"202","RIMOUSKI",7056480,"Oct-70",1970,11.7,3.1
"203","RIMOUSKI",7056480,"Nov-70",1970,5.1,-1.9
"204","RIMOUSKI",7056480,"Dec-70",1970,-7.5,-14.6
"205","RIMOUSKI",7056480,"Jan-71",1971,-9,-17.1
"206","RIMOUSKI",7056480,"Feb-71",1971,-5.9,-14.9
"207","RIMOUSKI",7056480,"Mar-71",1971,0.1,-7.4
"208","RIMOUSKI",7056480,"Apr-71",1971,5.3,-1.7
"209","RIMOUSKI",7056480,"May-71",1971,14.3,4.4
"210","RIMOUSKI",7056480,"Jun-71",1971,20.2,9.4
"211","RIMOUSKI",7056480,"Jul-71",1971,23,12.4
"212","RIMOUSKI",7056480,"Aug-71",1971,20.9,11
"213","RIMOUSKI",7056480,"Sep-71",1971,17.4,8.1
"214","RIMOUSKI",7056480,"Oct-71",1971,11.3,3.9
"215","RIMOUSKI",7056480,"Nov-71",1971,1.5,-4.4
"216","RIMOUSKI",7056480,"Dec-71",1971,-6.8,-14.1
"217","RIMOUSKI",7056480,"Jan-72",1972,-6.7,-17.4
"218","RIMOUSKI",7056480,"Feb-72",1972,-8.6,-17.2
"219","RIMOUSKI",7056480,"Mar-72",1972,-3.3,-12.6
"220","RIMOUSKI",7056480,"Apr-72",1972,4.4,-4.4
"221","RIMOUSKI",7056480,"May-72",1972,14.3,1.4
"222","RIMOUSKI",7056480,"Jun-72",1972,20.2,9.4
"223","RIMOUSKI",7056480,"Jul-72",1972,22.8,12.3
"224","RIMOUSKI",7056480,"Aug-72",1972,19.4,11
"225","RIMOUSKI",7056480,"Sep-72",1972,16.4,7.2
"226","RIMOUSKI",7056480,"Oct-72",1972,7.5,1.2
"227","RIMOUSKI",7056480,"Nov-72",1972,0.7,-5
"228","RIMOUSKI",7056480,"Dec-72",1972,-8.5,-16.4
"229","RIMOUSKI",7056480,"Jan-73",1973,-7,-14.7
"230","RIMOUSKI",7056480,"Feb-73",1973,-7.1,-15
"231","RIMOUSKI",7056480,"Mar-73",1973,2,-6
"232","RIMOUSKI",7056480,"Apr-73",1973,5.1,-1
"233","RIMOUSKI",7056480,"May-73",1973,11.7,3.6
"234","RIMOUSKI",7056480,"Jun-73",1973,22.4,12.2
"235","RIMOUSKI",7056480,"Jul-73",1973,25.1,15.9
"236","RIMOUSKI",7056480,"Aug-73",1973,21.4,12.1
"237","RIMOUSKI",7056480,"Sep-73",1973,15.2,7.7
"238","RIMOUSKI",7056480,"Oct-73",1973,9.8,2.9
"239","RIMOUSKI",7056480,"Nov-73",1973,1,-3.4
"240","RIMOUSKI",7056480,"Dec-73",1973,-1.6,-8.8
"241","RIMOUSKI",7056480,"Jan-74",1974,-9.2,-17.3
"242","RIMOUSKI",7056480,"Feb-74",1974,-7.8,-14.8
"243","RIMOUSKI",7056480,"Mar-74",1974,-2.1,-10
"244","RIMOUSKI",7056480,"Apr-74",1974,3.6,-2.4
"245","RIMOUSKI",7056480,"May-74",1974,10.7,2.3
"246","RIMOUSKI",7056480,"Jun-74",1974,21.4,11.3
"247","RIMOUSKI",7056480,"Jul-74",1974,21.9,12.7
"248","RIMOUSKI",7056480,"Aug-74",1974,21.7,12.3
"249","RIMOUSKI",7056480,"Sep-74",1974,14.4,6.4
"250","RIMOUSKI",7056480,"Oct-74",1974,7.3,0.6
"251","RIMOUSKI",7056480,"Nov-74",1974,2.2,-2.4
"252","RIMOUSKI",7056480,"Dec-74",1974,-2.1,-8.1
"253","RIMOUSKI",7056480,"Jan-75",1975,-7.3,-14.9
"254","RIMOUSKI",7056480,"Feb-75",1975,-6.9,-13.8
"255","RIMOUSKI",7056480,"Mar-75",1975,-0.6,-7.9
"256","RIMOUSKI",7056480,"Apr-75",1975,4.2,-2.1
"257","RIMOUSKI",7056480,"May-75",1975,15.1,4.3
"258","RIMOUSKI",7056480,"Jun-75",1975,22.2,11.7
"259","RIMOUSKI",7056480,"Jul-75",1975,25.2,14.3
"260","RIMOUSKI",7056480,"Aug-75",1975,22.5,11.9
"261","RIMOUSKI",7056480,"Sep-75",1975,15.9,7.9
"262","RIMOUSKI",7056480,"Oct-75",1975,9.4,2.6
"263","RIMOUSKI",7056480,"Nov-75",1975,4.2,-2.2
"264","RIMOUSKI",7056480,"Dec-75",1975,-6.1,-14
"265","RIMOUSKI",7056480,"Jan-76",1976,-9.1,-17.4
"266","RIMOUSKI",7056480,"Feb-76",1976,-6.9,-13.8
"267","RIMOUSKI",7056480,"Mar-76",1976,-0.6,-9.5
"268","RIMOUSKI",7056480,"Apr-76",1976,5.8,-1.1
"269","RIMOUSKI",7056480,"May-76",1976,14.3,4.7
"270","RIMOUSKI",7056480,"Jun-76",1976,22.8,11.8
"271","RIMOUSKI",7056480,"Jul-76",1976,22.4,13.2
"272","RIMOUSKI",7056480,"Aug-76",1976,22.1,12.3
"273","RIMOUSKI",7056480,"Sep-76",1976,14.8,7
"274","RIMOUSKI",7056480,"Oct-76",1976,7.4,1.3
"275","RIMOUSKI",7056480,"Nov-76",1976,0,-3.6
"276","RIMOUSKI",7056480,"Dec-76",1976,-7.6,-16
"277","RIMOUSKI",7056480,"Jan-77",1977,-9.2,-16.2
"278","RIMOUSKI",7056480,"Feb-77",1977,-5.8,-12.1
"279","RIMOUSKI",7056480,"Mar-77",1977,2.5,-4.2
"280","RIMOUSKI",7056480,"Apr-77",1977,6,-2.3
"281","RIMOUSKI",7056480,"May-77",1977,15.6,5.3
"282","RIMOUSKI",7056480,"Jun-77",1977,18.2,9.5
"283","RIMOUSKI",7056480,"Jul-77",1977,22.3,12.2
"284","RIMOUSKI",7056480,"Aug-77",1977,21.5,11.8
"285","RIMOUSKI",7056480,"Sep-77",1977,14.4,6.3
"286","RIMOUSKI",7056480,"Oct-77",1977,9.8,3.7
"287","RIMOUSKI",7056480,"Nov-77",1977,5.7,-1.4
"288","RIMOUSKI",7056480,"Dec-77",1977,-4,-9.8
"289","RIMOUSKI",7056480,"Jan-78",1978,-7.6,-14.6
"290","RIMOUSKI",7056480,"Feb-78",1978,-6,-12.5
"291","RIMOUSKI",7056480,"Mar-78",1978,-2.4,-10.8
"292","RIMOUSKI",7056480,"Apr-78",1978,5.1,-2.2
"293","RIMOUSKI",7056480,"May-78",1978,16,5.1
"294","RIMOUSKI",7056480,"Jun-78",1978,19.9,9.9
"295","RIMOUSKI",7056480,"Jul-78",1978,23.3,13.2
"296","RIMOUSKI",7056480,"Aug-78",1978,22.7,12.6
"297","RIMOUSKI",7056480,"Sep-78",1978,14.9,6
"298","RIMOUSKI",7056480,"Oct-78",1978,8.7,1.8
"299","RIMOUSKI",7056480,"Nov-78",1978,2.4,-4.9
"300","RIMOUSKI",7056480,"Dec-78",1978,-4.6,-11
"301","RIMOUSKI",7056480,"Jan-79",1979,-6.7,-12.6
"302","RIMOUSKI",7056480,"Feb-79",1979,-9.5,-16.2
"303","RIMOUSKI",7056480,"Mar-79",1979,3.1,-4.6
"304","RIMOUSKI",7056480,"Apr-79",1979,7.3,0.1
"305","RIMOUSKI",7056480,"May-79",1979,15,6.3
"306","RIMOUSKI",7056480,"Jun-79",1979,21.6,10.8
"307","RIMOUSKI",7056480,"Jul-79",1979,24.6,13.6
"308","RIMOUSKI",7056480,"Aug-79",1979,20.5,11.6
"309","RIMOUSKI",7056480,"Sep-79",1979,17,7.6
"310","RIMOUSKI",7056480,"Oct-79",1979,10.6,3.5
"311","RIMOUSKI",7056480,"Nov-79",1979,4,-1
"312","RIMOUSKI",7056480,"Dec-79",1979,-3.4,-9.1
"313","RIMOUSKI",7056480,"Jan-80",1980,-6.1,-13.1
"314","RIMOUSKI",7056480,"Feb-80",1980,-6.4,-13.9
"315","RIMOUSKI",7056480,"Mar-80",1980,0,-8.2
"316","RIMOUSKI",7056480,"Apr-80",1980,7.5,-0.6
"317","RIMOUSKI",7056480,"May-80",1980,14.4,4.5
"318","RIMOUSKI",7056480,"Jun-80",1980,19.5,8.4
"319","RIMOUSKI",7056480,"Jul-80",1980,21,11.8
"320","RIMOUSKI",7056480,"Aug-80",1980,22.3,12.8
"321","RIMOUSKI",7056480,"Sep-80",1980,14.2,7
"322","RIMOUSKI",7056480,"Oct-80",1980,8.4,1.6
"323","RIMOUSKI",7056480,"Nov-80",1980,2,-3.2
"324","RIMOUSKI",7056480,"Dec-80",1980,-8,-15.5
"325","RIMOUSKI",7056480,"Jan-81",1981,-8.4,-16.4
"326","RIMOUSKI",7056480,"Feb-81",1981,1.8,-7.1
"327","RIMOUSKI",7056480,"Mar-81",1981,2.6,-4.6
"328","RIMOUSKI",7056480,"Apr-81",1981,6.8,-1.2
"329","RIMOUSKI",7056480,"May-81",1981,14.7,4.3
"330","RIMOUSKI",7056480,"Jun-81",1981,20.2,10.1
"331","RIMOUSKI",7056480,"Jul-81",1981,23.4,13.2
"332","RIMOUSKI",7056480,"Aug-81",1981,20.9,11.9
"333","RIMOUSKI",7056480,"Sep-81",1981,15.9,7.6
"334","RIMOUSKI",7056480,"Oct-81",1981,8.3,2.4
"335","RIMOUSKI",7056480,"Nov-81",1981,3.2,-1.6
"336","RIMOUSKI",7056480,"Dec-81",1981,-1.1,-6.3
"337","RIMOUSKI",7056480,"Jan-82",1982,-10,-18.4
"338","RIMOUSKI",7056480,"Feb-82",1982,-7.5,-14.4
"339","RIMOUSKI",7056480,"Mar-82",1982,0.4,-9.5
"340","RIMOUSKI",7056480,"Apr-82",1982,5.4,-2.9
"341","RIMOUSKI",7056480,"May-82",1982,13.6,3.3
"342","RIMOUSKI",7056480,"Jun-82",1982,19,8.2
"343","RIMOUSKI",7056480,"Jul-82",1982,23.2,12.4
"344","RIMOUSKI",7056480,"Aug-82",1982,19,9.9
"345","RIMOUSKI",7056480,"Sep-82",1982,16.2,7.6
"346","RIMOUSKI",7056480,"Oct-82",1982,11.4,3.1
"347","RIMOUSKI",7056480,"Nov-82",1982,4.3,-2.2
"348","RIMOUSKI",7056480,"Dec-82",1982,-1.5,-10.7
"349","RIMOUSKI",7056480,"Jan-83",1983,-4.8,-13.2
"350","RIMOUSKI",7056480,"Feb-83",1983,-4.7,-13.3
"351","RIMOUSKI",7056480,"Mar-83",1983,0.1,-7
"352","RIMOUSKI",7056480,"Apr-83",1983,7.1,-0.6
"353","RIMOUSKI",7056480,"May-83",1983,10.8,3.4
"354","RIMOUSKI",7056480,"Jun-83",1983,21.9,10.2
"355","RIMOUSKI",7056480,"Jul-83",1983,23.1,12.2
"356","RIMOUSKI",7056480,"Aug-83",1983,22.5,12.7
"357","RIMOUSKI",7056480,"Sep-83",1983,18.3,8.8
"358","RIMOUSKI",7056480,"Oct-83",1983,10.6,3.8
"359","RIMOUSKI",7056480,"Nov-83",1983,2.8,-2.6
"360","RIMOUSKI",7056480,"Dec-83",1983,-5.7,-13.1
"361","RIMOUSKI",7056480,"Jan-84",1984,-9.3,-17
"362","RIMOUSKI",7056480,"Feb-84",1984,-1.7,-9
"363","RIMOUSKI",7056480,"Mar-84",1984,-3.5,-10.8
"364","RIMOUSKI",7056480,"Apr-84",1984,6.5,-1.8
"365","RIMOUSKI",7056480,"May-84",1984,13.2,4.4
"366","RIMOUSKI",7056480,"Jun-84",1984,19.3,8.7
"367","RIMOUSKI",7056480,"Jul-84",1984,23.9,13.7
"368","RIMOUSKI",7056480,"Aug-84",1984,22.6,13
"369","RIMOUSKI",7056480,"Sep-84",1984,15.9,7.7
"370","RIMOUSKI",7056480,"Oct-84",1984,10.2,2.4
"371","RIMOUSKI",7056480,"Nov-84",1984,3.6,-1.9
"372","RIMOUSKI",7056480,"Dec-84",1984,-3.5,-10.6
"373","RIMOUSKI",7056480,"Jan-85",1985,-9.9,-16.3
"374","RIMOUSKI",7056480,"Feb-85",1985,-3.7,-11.7
"375","RIMOUSKI",7056480,"Mar-85",1985,-0.6,-8.5
"376","RIMOUSKI",7056480,"Apr-85",1985,6,-2.7
"377","RIMOUSKI",7056480,"May-85",1985,13.6,3.9
"378","RIMOUSKI",7056480,"Jun-85",1985,19.2,8.9
"379","RIMOUSKI",7056480,"Jul-85",1985,23.5,13.9
"380","RIMOUSKI",7056480,"Aug-85",1985,21.6,12.7
"381","RIMOUSKI",7056480,"Sep-85",1985,17.8,9
"382","RIMOUSKI",7056480,"Oct-85",1985,10.6,3.6
"383","RIMOUSKI",7056480,"Nov-85",1985,1.4,-3.9
"384","RIMOUSKI",7056480,"Dec-85",1985,-5.5,-12.5
"385","RIMOUSKI",7056480,"Jan-86",1986,-6.5,-14.7
"386","RIMOUSKI",7056480,"Feb-86",1986,-6.4,-14.1
"387","RIMOUSKI",7056480,"Mar-86",1986,0.5,-9.1
"388","RIMOUSKI",7056480,"Apr-86",1986,8.9,0
"389","RIMOUSKI",7056480,"May-86",1986,15.6,5.3
"390","RIMOUSKI",7056480,"Jun-86",1986,18.7,7.9
"391","RIMOUSKI",7056480,"Jul-86",1986,21.2,12
"392","RIMOUSKI",7056480,"Aug-86",1986,19.2,10.7
"393","RIMOUSKI",7056480,"Sep-86",1986,14,6
"394","RIMOUSKI",7056480,"Oct-86",1986,8.3,1.5
"395","RIMOUSKI",7056480,"Nov-86",1986,1,-5.9
"396","RIMOUSKI",7056480,"Dec-86",1986,-3.2,-10.6
"397","RIMOUSKI",7056480,"Jan-87",1987,-6.7,-13.6
"398","RIMOUSKI",7056480,"Feb-87",1987,-6.4,-14.1
"399","RIMOUSKI",7056480,"Mar-87",1987,0.5,-9.1
"400","RIMOUSKI",7056480,"Apr-87",1987,11,1
"401","RIMOUSKI",7056480,"May-87",1987,14.8,4.5
"402","RIMOUSKI",7056480,"Jun-87",1987,20.5,9.7
"403","RIMOUSKI",7056480,"Jul-87",1987,23.7,13.8
"404","RIMOUSKI",7056480,"Aug-87",1987,21,10.4
"405","RIMOUSKI",7056480,"Sep-87",1987,17,7.3
"406","RIMOUSKI",7056480,"Oct-87",1987,8.3,1.5
"407","RIMOUSKI",7056480,"Nov-87",1987,2.9,-4
"408","RIMOUSKI",7056480,"Dec-87",1987,-3.3,-9.3
"409","RIMOUSKI",7056480,"Jan-88",1988,-5,-13.6
"410","RIMOUSKI",7056480,"Feb-88",1988,-5.5,-16.1
"411","RIMOUSKI",7056480,"Mar-88",1988,0.8,-8.8
"412","RIMOUSKI",7056480,"Apr-88",1988,6.7,-0.7
"413","RIMOUSKI",7056480,"May-88",1988,16.8,5.2
"414","RIMOUSKI",7056480,"Jun-88",1988,19.4,9
"415","RIMOUSKI",7056480,"Jul-88",1988,23.7,12.7
"416","RIMOUSKI",7056480,"Aug-88",1988,21.4,11.1
"417","RIMOUSKI",7056480,"Sep-88",1988,15.7,7.1
"418","RIMOUSKI",7056480,"Oct-88",1988,9,1.5
"419","RIMOUSKI",7056480,"Nov-88",1988,4,-1.3
"420","RIMOUSKI",7056480,"Dec-88",1988,-5.4,-12.9
"421","RIMOUSKI",7056480,"Jan-89",1989,-6,-15.7
"422","RIMOUSKI",7056480,"Feb-89",1989,-7.2,-15.3
"423","RIMOUSKI",7056480,"Mar-89",1989,-1.8,-10.3
"424","RIMOUSKI",7056480,"Apr-89",1989,7.1,-0.3
"425","RIMOUSKI",7056480,"May-89",1989,15.9,5.9
"426","RIMOUSKI",7056480,"Jun-89",1989,19.9,9.8
"427","RIMOUSKI",7056480,"Jul-89",1989,24.6,13
"428","RIMOUSKI",7056480,"Aug-89",1989,22.2,13
"429","RIMOUSKI",7056480,"Sep-89",1989,18.7,9.8
"430","RIMOUSKI",7056480,"Oct-89",1989,10.8,1.5
"431","RIMOUSKI",7056480,"Nov-89",1989,1,-5.2
"432","RIMOUSKI",7056480,"Dec-89",1989,-9.8,-17.3
"433","RIMOUSKI",7056480,"Jan-90",1990,-3.7,-13.4
"434","RIMOUSKI",7056480,"Feb-90",1990,-6.5,-17.2
"435","RIMOUSKI",7056480,"Mar-90",1990,0.8,-9.4
"436","RIMOUSKI",7056480,"Apr-90",1990,7.8,-0.4
"437","RIMOUSKI",7056480,"May-90",1990,14.2,3.9
"438","RIMOUSKI",7056480,"Jun-90",1990,22.3,10.8
"439","RIMOUSKI",7056480,"Jul-90",1990,24,12.2
"440","RIMOUSKI",7056480,"Aug-90",1990,24.1,13.3
"441","RIMOUSKI",7056480,"Sep-90",1990,17.2,7.9
"442","RIMOUSKI",7056480,"Oct-90",1990,9.9,2.5
"443","RIMOUSKI",7056480,"Nov-90",1990,1.7,-3.5
"444","RIMOUSKI",7056480,"Dec-90",1990,-1.6,-10.6
"445","RIMOUSKI",7056480,"Jan-91",1991,-9.5,-19.9
"446","RIMOUSKI",7056480,"Feb-91",1991,-3.8,-13.7
"447","RIMOUSKI",7056480,"Mar-91",1991,0.8,-7
"448","RIMOUSKI",7056480,"Apr-91",1991,7.7,-0.8
"449","RIMOUSKI",7056480,"May-91",1991,14.8,5.5
"450","RIMOUSKI",7056480,"Jun-91",1991,21.5,10.7
"451","RIMOUSKI",7056480,"Jul-91",1991,23.8,13
"452","RIMOUSKI",7056480,"Aug-91",1991,23,12.8
"453","RIMOUSKI",7056480,"Sep-91",1991,15.3,7.5
"454","RIMOUSKI",7056480,"Oct-91",1991,10.5,3.1
"455","RIMOUSKI",7056480,"Nov-91",1991,3.9,-1.9
"456","RIMOUSKI",7056480,"Dec-91",1991,-5.4,-13.8
"457","RIMOUSKI",7056480,"Jan-92",1992,-8.2,-16.2
"458","RIMOUSKI",7056480,"Feb-92",1992,-8.1,-16.8
"459","RIMOUSKI",7056480,"Mar-92",1992,-2,-10.8
"460","RIMOUSKI",7056480,"Apr-92",1992,5.9,-2.1
"461","RIMOUSKI",7056480,"May-92",1992,17.7,5.3
"462","RIMOUSKI",7056480,"Jun-92",1992,19,9.5
"463","RIMOUSKI",7056480,"Jul-92",1992,20,11.3
"464","RIMOUSKI",7056480,"Aug-92",1992,21.3,12.1
"465","RIMOUSKI",7056480,"Sep-92",1992,17.7,9.6
"466","RIMOUSKI",7056480,"Oct-92",1992,7.8,2
"467","RIMOUSKI",7056480,"Nov-92",1992,1.6,-4
"468","RIMOUSKI",7056480,"Dec-92",1992,-3.1,-10.5
"469","RIMOUSKI",7056480,"Jan-93",1993,-8.2,-17.4
"470","RIMOUSKI",7056480,"Feb-93",1993,-10.6,-21.6
"471","RIMOUSKI",7056480,"Mar-93",1993,-0.5,-11.5
"472","RIMOUSKI",7056480,"Apr-93",1993,7.7,-2
"473","RIMOUSKI",7056480,"May-93",1993,14.9,4.8
"474","RIMOUSKI",7056480,"Jun-93",1993,19.9,9.7
"475","RIMOUSKI",7056480,"Jul-93",1993,22.6,12.1
"476","RIMOUSKI",7056480,"Aug-93",1993,22.3,13.7
"477","RIMOUSKI",7056480,"Sep-93",1993,16.7,8
"478","RIMOUSKI",7056480,"Oct-93",1993,7.5,1.3
"479","RIMOUSKI",7056480,"Nov-93",1993,1.9,-4.2
"480","RIMOUSKI",7056480,"Dec-93",1993,-3.6,-10.2
"481","RIMOUSKI",7056480,"Jan-94",1994,-12.9,-21.8
"482","RIMOUSKI",7056480,"Feb-94",1994,-8.7,-16.5
"483","RIMOUSKI",7056480,"Mar-94",1994,0.5,-7
"484","RIMOUSKI",7056480,"Apr-94",1994,6.8,-2.2
"485","RIMOUSKI",7056480,"May-94",1994,13.2,3.8
"486","RIMOUSKI",7056480,"Jun-94",1994,21.4,11.2
"487","RIMOUSKI",7056480,"Jul-94",1994,23.8,13.5
"488","RIMOUSKI",7056480,"Aug-94",1994,20.8,11.9
"489","RIMOUSKI",7056480,"Sep-94",1994,16.1,7.5
"490","RIMOUSKI",7056480,"Oct-94",1994,11.8,5
"491","RIMOUSKI",7056480,"Nov-94",1994,4.5,-1.4
"492","RIMOUSKI",7056480,"Dec-94",1994,-2,-9
"493","RIMOUSKI",7056480,"Jan-95",1995,-5.1,-12.1
"494","RIMOUSKI",7056480,"Feb-95",1995,-8.5,-16.8
"495","RIMOUSKI",7056480,"Mar-95",1995,-0.7,-8.5
"496","RIMOUSKI",7056480,"Apr-95",1995,5,-2.3
"497","RIMOUSKI",7056480,"May-95",1995,14.5,4.8
"498","RIMOUSKI",7056480,"Jun-95",1995,22.6,11.4
"499","RIMOUSKI",7056480,"Jul-95",1995,25,15.3
"500","RIMOUSKI",7056480,"Aug-95",1995,23.5,13.5
"501","RIMOUSKI",7056480,"Sep-95",1995,16.5,7.6
"502","RIMOUSKI",7056480,"Oct-95",1995,12.4,5.1
"503","RIMOUSKI",7056480,"Nov-95",1995,2.4,-4.4
"504","RIMOUSKI",7056480,"Dec-95",1995,-5,-11.1
"505","RIMOUSKI",7056480,"Jan-96",1996,-6.8,-16.5
"506","RIMOUSKI",7056480,"Feb-96",1996,-5.6,-13.1
"507","RIMOUSKI",7056480,"Mar-96",1996,-0.9,-8.1
"508","RIMOUSKI",7056480,"Apr-96",1996,6.6,-0.7
"509","RIMOUSKI",7056480,"May-96",1996,12.8,3.8
"510","RIMOUSKI",7056480,"Jun-96",1996,22,11
"511","RIMOUSKI",7056480,"Jul-96",1996,21.5,12.6
"512","RIMOUSKI",7056480,"Aug-96",1996,22.6,13.5
"513","RIMOUSKI",7056480,"Sep-96",1996,16.5,8.1
"514","RIMOUSKI",7056480,"Oct-96",1996,8.8,2
"515","RIMOUSKI",7056480,"Nov-96",1996,2.6,-2.9
"516","RIMOUSKI",7056480,"Dec-96",1996,-0.4,-6.3
"517","RIMOUSKI",7056480,"Jan-97",1997,-7.7,-16.3
"518","RIMOUSKI",7056480,"Feb-97",1997,-6.2,-14.8
"519","RIMOUSKI",7056480,"Mar-97",1997,-2.5,-10
"520","RIMOUSKI",7056480,"Apr-97",1997,6.4,-1.7
"521","RIMOUSKI",7056480,"May-97",1997,11.7,3.5
"522","RIMOUSKI",7056480,"Jun-97",1997,20.6,9.2
"523","RIMOUSKI",7056480,"Jul-97",1997,23.8,13.2
"524","RIMOUSKI",7056480,"Aug-97",1997,20.1,10.6
"525","RIMOUSKI",7056480,"Sep-97",1997,16.2,9
"526","RIMOUSKI",7056480,"Oct-97",1997,8.9,2.9
"527","RIMOUSKI",7056480,"Nov-97",1997,2.3,-3.4
"528","RIMOUSKI",7056480,"Dec-97",1997,-3.3,-9.8
"529","RIMOUSKI",7056480,"Jan-98",1998,-5.4,-13.4
"530","RIMOUSKI",7056480,"Feb-98",1998,-2.3,-9.8
"531","RIMOUSKI",7056480,"Mar-98",1998,0.6,-6.1
"532","RIMOUSKI",7056480,"Apr-98",1998,8.2,0.4
"533","RIMOUSKI",7056480,"May-98",1998,17.6,7.1
"534","RIMOUSKI",7056480,"Jun-98",1998,19.8,10.3
"535","RIMOUSKI",7056480,"Jul-98",1998,23.3,14.2
"536","RIMOUSKI",7056480,"Aug-98",1998,22.8,12.9
"537","RIMOUSKI",7056480,"Sep-98",1998,16.1,9.6
"538","RIMOUSKI",7056480,"Oct-98",1998,9.7,3.5
"539","RIMOUSKI",7056480,"Nov-98",1998,2.3,-2.5
"540","RIMOUSKI",7056480,"Dec-98",1998,-1.9,-9
"541","RIMOUSKI",7056480,"Jan-99",1999,-6.4,-15.1
"542","RIMOUSKI",7056480,"Feb-99",1999,-2.6,-10.4
"543","RIMOUSKI",7056480,"Mar-99",1999,2.3,-3.9
"544","RIMOUSKI",7056480,"Apr-99",1999,7.2,0.1
"545","RIMOUSKI",7056480,"May-99",1999,19.6,8.3
"546","RIMOUSKI",7056480,"Jun-99",1999,23.3,13.3
"547","RIMOUSKI",7056480,"Jul-99",1999,24.3,14
"548","RIMOUSKI",7056480,"Aug-99",1999,22.7,13.4
"549","RIMOUSKI",7056480,"Sep-99",1999,20.3,11.2
"550","RIMOUSKI",7056480,"Oct-99",1999,8.6,1.5
"551","RIMOUSKI",7056480,"Nov-99",1999,7.7,0.5
"552","RIMOUSKI",7056480,"Dec-99",1999,-2,-7.3
"553","RIMOUSKI",7056480,"Jan-00",2000,-6.9,-14.9
"554","RIMOUSKI",7056480,"Feb-00",2000,-3.8,-12.6
"555","RIMOUSKI",7056480,"Mar-00",2000,2.9,-4.9
"556","RIMOUSKI",7056480,"Apr-00",2000,7.2,0.1
"557","RIMOUSKI",7056480,"May-00",2000,19.6,8.3
"558","RIMOUSKI",7056480,"Jun-00",2000,23.3,13.3
"559","RIMOUSKI",7056480,"Jul-00",2000,24.7,12.9
"560","RIMOUSKI",7056480,"Aug-00",2000,22.5,13.5
"561","RIMOUSKI",7056480,"Sep-00",2000,16.4,8.4
"562","RIMOUSKI",7056480,"Oct-00",2000,9.5,2.8
"563","RIMOUSKI",7056480,"Nov-00",2000,3.6,-0.6
"564","RIMOUSKI",7056480,"Dec-00",2000,-5.7,-11.7
"565","RIMOUSKI",7056480,"Jan-01",2001,-6.7,-13.9
"566","RIMOUSKI",7056480,"Feb-01",2001,-5.3,-13.7
"567","RIMOUSKI",7056480,"Mar-01",2001,-0.9,-7.4
"568","RIMOUSKI",7056480,"Apr-01",2001,7.4,-0.8
"569","RIMOUSKI",7056480,"May-01",2001,17.3,6.5
"570","RIMOUSKI",7056480,"Jun-01",2001,21,11.5
"571","RIMOUSKI",7056480,"Jul-01",2001,22.6,12.6
"572","RIMOUSKI",7056480,"Aug-01",2001,23.7,14.2
"573","RIMOUSKI",7056480,"Sep-01",2001,18.7,9.5
"574","RIMOUSKI",7056480,"Oct-01",2001,11.7,5.1
"575","RIMOUSKI",7056480,"Nov-01",2001,5.5,-1.1
"576","RIMOUSKI",7056480,"Dec-01",2001,0.3,-5.1
"577","RIMOUSKI",7056480,"Jan-02",2002,-5.7,-12.6
"578","RIMOUSKI",7056480,"Feb-02",2002,-5.1,-13.4
"579","RIMOUSKI",7056480,"Mar-02",2002,-0.6,-9.6
"580","RIMOUSKI",7056480,"Apr-02",2002,7.4,-0.3
"581","RIMOUSKI",7056480,"May-02",2002,14,4.9
"582","RIMOUSKI",7056480,"Jun-02",2002,19.2,9.4
"583","RIMOUSKI",7056480,"Jul-02",2002,22.7,13.2
"584","RIMOUSKI",7056480,"Aug-02",2002,24.1,13.7
"585","RIMOUSKI",7056480,"Sep-02",2002,18.7,9.2
"586","RIMOUSKI",7056480,"Oct-02",2002,8.6,2.4
"587","RIMOUSKI",7056480,"Nov-02",2002,1.6,-4.6
"588","RIMOUSKI",7056480,"Dec-02",2002,-2.8,-8.8
"589","RIMOUSKI",7056480,"Jan-03",2003,-9.2,-16.1
"590","RIMOUSKI",7056480,"Feb-03",2003,-9,-16.5
"591","RIMOUSKI",7056480,"Mar-03",2003,-0.9,-8.7
"592","RIMOUSKI",7056480,"Apr-03",2003,5.5,-3.6
"593","RIMOUSKI",7056480,"May-03",2003,14.2,4.7
"594","RIMOUSKI",7056480,"Jun-03",2003,22.3,11.8
"595","RIMOUSKI",7056480,"Jul-03",2003,22.9,13.6
"596","RIMOUSKI",7056480,"Aug-03",2003,21.4,12.4
"597","RIMOUSKI",7056480,"Sep-03",2003,20.4,10.5
"598","RIMOUSKI",7056480,"Oct-03",2003,10,3.7
"599","RIMOUSKI",7056480,"Nov-03",2003,4,-2.2
"600","RIMOUSKI",7056480,"Dec-03",2003,-2,-8.4
"601","RIMOUSKI",7056480,"Jan-04",2004,-11.4,-18
"602","RIMOUSKI",7056480,"Feb-04",2004,-5.2,-13.4
"603","RIMOUSKI",7056480,"Mar-04",2004,0.7,-7.6
"604","RIMOUSKI",7056480,"Apr-04",2004,6.3,-1.1
"605","RIMOUSKI",7056480,"May-04",2004,13.1,3.9
"606","RIMOUSKI",7056480,"Jun-04",2004,19,9.7
"607","RIMOUSKI",7056480,"Jul-04",2004,23.3,13.8
"608","RIMOUSKI",7056480,"Aug-04",2004,22,13.1
"609","RIMOUSKI",7056480,"Sep-04",2004,17.6,8.7
"610","RIMOUSKI",7056480,"Oct-04",2004,11.6,3.3
"611","RIMOUSKI",7056480,"Nov-04",2004,2.9,-2.2
"612","RIMOUSKI",7056480,"Dec-04",2004,-4.6,-12.4
"613","RIMOUSKI",7056480,"Jan-05",2005,-8.8,-17
"614","RIMOUSKI",7056480,"Feb-05",2005,-3.9,-12.2
"615","RIMOUSKI",7056480,"Mar-05",2005,-0.7,-7.9
"616","RIMOUSKI",7056480,"Apr-05",2005,8.2,0.5
"617","RIMOUSKI",7056480,"May-05",2005,12.7,4.4
"618","RIMOUSKI",7056480,"Jun-05",2005,22.3,11.2
"619","RIMOUSKI",7056480,"Jul-05",2005,25.1,14.4
"620","RIMOUSKI",7056480,"Aug-05",2005,23.4,13.7
"621","RIMOUSKI",7056480,"Sep-05",2005,18.5,10.2
"622","RIMOUSKI",7056480,"Oct-05",2005,11.4,5.1
"623","RIMOUSKI",7056480,"Nov-05",2005,4.4,-1.9
"624","RIMOUSKI",7056480,"Dec-05",2005,-4,-8.9
"625","RIMOUSKI",7056480,"Jan-06",2006,-3.5,-10.5
"626","RIMOUSKI",7056480,"Feb-06",2006,-6.8,-13.8
"627","RIMOUSKI",7056480,"Mar-06",2006,1.6,-5
"628","RIMOUSKI",7056480,"Apr-06",2006,9.6,0.5
"629","RIMOUSKI",7056480,"May-06",2006,15.9,6.4
"630","RIMOUSKI",7056480,"Jun-06",2006,22.1,12.5
"631","RIMOUSKI",7056480,"Jul-06",2006,23.8,13.8
"632","RIMOUSKI",7056480,"Aug-06",2006,21.9,11
"633","RIMOUSKI",7056480,"Sep-06",2006,17,8.3
"634","RIMOUSKI",7056480,"Oct-06",2006,10.3,3.2
"635","RIMOUSKI",7056480,"Nov-06",2006,6.6,0.3
"636","RIMOUSKI",7056480,"Dec-06",2006,-0.8,-6.6
"637","RIMOUSKI",7056480,"Jan-07",2007,-5.5,-12.9
"638","RIMOUSKI",7056480,"Feb-07",2007,-7.1,-14.8
"639","RIMOUSKI",7056480,"Mar-07",2007,-0.5,-9.2
"640","RIMOUSKI",7056480,"Apr-07",2007,6.8,-1.1
"641","RIMOUSKI",7056480,"May-07",2007,15.4,4.5
"642","RIMOUSKI",7056480,"Jun-07",2007,20.7,9.7
"643","RIMOUSKI",7056480,"Jul-07",2007,23.1,13.9
"644","RIMOUSKI",7056480,"Aug-07",2007,21.6,11.4
"645","RIMOUSKI",7056480,"Sep-07",2007,17.1,8.1
"646","RIMOUSKI",7056480,"Oct-07",2007,13,5.6
"647","RIMOUSKI",7056480,"Nov-07",2007,1.8,-2.9
"648","RIMOUSKI",7056480,"Dec-07",2007,-4.8,-11.4
"649","RIMOUSKI",7056480,"Jan-08",2008,-4.6,-11.1
"650","RIMOUSKI",7056480,"Feb-08",2008,-4.9,-11.9
"651","RIMOUSKI",7056480,"Mar-08",2008,-2,-10.8
"652","RIMOUSKI",7056480,"Apr-08",2008,8.9,1.2
"653","RIMOUSKI",7056480,"May-08",2008,15,5.4
"654","RIMOUSKI",7056480,"Jun-08",2008,19.3,10.3
"655","RIMOUSKI",7056480,"Jul-08",2008,24.5,15.4
"656","RIMOUSKI",7056480,"Aug-08",2008,21.5,13.7
"657","RIMOUSKI",7056480,"Sep-08",2008,17.3,8.7
"658","RIMOUSKI",7056480,"Oct-08",2008,10.6,3.8
"659","RIMOUSKI",7056480,"Nov-08",2008,4.8,-0.7
"660","RIMOUSKI",7056480,"Dec-08",2008,-4.2,-11.6
"661","RIMOUSKI",7056480,"Jan-09",2009,-10.5,-17.6
"662","RIMOUSKI",7056480,"Feb-09",2009,-3.6,-10.9
"663","RIMOUSKI",7056480,"Mar-09",2009,-0.5,-8.5
"664","RIMOUSKI",7056480,"Apr-09",2009,8.2,0.5
"665","RIMOUSKI",7056480,"May-09",2009,14.4,4.9
"666","RIMOUSKI",7056480,"Jun-09",2009,20.1,9.7
"667","RIMOUSKI",7056480,"Jul-09",2009,21.5,12.8
"668","RIMOUSKI",7056480,"Aug-09",2009,22.5,12.9
"669","RIMOUSKI",7056480,"Sep-09",2009,18,8.4
"670","RIMOUSKI",7056480,"Oct-09",2009,7.9,1.4
"671","RIMOUSKI",7056480,"Nov-09",2009,6.4,-0.1
"672","RIMOUSKI",7056480,"Dec-09",2009,-3.4,-8.8
"673","RIMOUSKI",7056480,"Jan-10",2010,-2.6,-9
"674","RIMOUSKI",7056480,"Feb-10",2010,-1.4,-5.9
"675","RIMOUSKI",7056480,"Mar-10",2010,3,-4.5
"676","RIMOUSKI",7056480,"Apr-10",2010,9.9,2
"677","RIMOUSKI",7056480,"May-10",2010,16.4,6.7
"678","RIMOUSKI",7056480,"Jun-10",2010,20.4,10.6
"679","RIMOUSKI",7056480,"Jul-10",2010,24.6,14.2
"680","RIMOUSKI",7056480,"Aug-10",2010,23.9,13.7
"681","RIMOUSKI",7056480,"Sep-10",2010,16.9,9.3
"682","RIMOUSKI",7056480,"Oct-10",2010,9.8,4.2
"683","RIMOUSKI",7056480,"Nov-10",2010,3.3,-1.5
"684","RIMOUSKI",7056480,"Dec-10",2010,-0.2,-5.1
"685","RIMOUSKI",7056480,"Jan-11",2011,-6.3,-11.8
"686","RIMOUSKI",7056480,"Feb-11",2011,-6.2,-12.2
"687","RIMOUSKI",7056480,"Mar-11",2011,-0.2,-5.5
"688","RIMOUSKI",7056480,"Apr-11",2011,7.2,-2.8
"689","RIMOUSKI",7056480,"May-11",2011,13.1,3.5
"690","RIMOUSKI",7056480,"Jun-11",2011,20.7,11.4
"691","RIMOUSKI",7056480,"Jul-11",2011,24,14.1
"692","RIMOUSKI",7056480,"Aug-11",2011,22.1,13.8
"693","RIMOUSKI",7056480,"Sep-11",2011,19.1,10.2
"694","RIMOUSKI",7056480,"Oct-11",2011,12.2,5.6
"695","RIMOUSKI",7056480,"Nov-11",2011,7.5,0.7
"696","RIMOUSKI",7056480,"Dec-11",2011,-1.3,-8.2
"697","RIMOUSKI",7056480,"Jan-12",2012,-5.4,-13.4
"698","RIMOUSKI",7056480,"Feb-12",2012,-3.9,-11
"699","RIMOUSKI",7056480,"Mar-12",2012,3.6,-5
"700","RIMOUSKI",7056480,"Apr-12",2012,8.6,0
"701","RIMOUSKI",7056480,"May-12",2012,17,6.7
"702","RIMOUSKI",7056480,"Jun-12",2012,19.8,10.5
"703","RIMOUSKI",7056480,"Jul-12",2012,24.3,14.6
"704","RIMOUSKI",7056480,"Aug-12",2012,24.6,15
"705","RIMOUSKI",7056480,"Sep-12",2012,19.1,10.2
"706","RIMOUSKI",7056480,"Oct-12",2012,11.2,4.2
"707","RIMOUSKI",7056480,"Nov-12",2012,3.3,-1.6
"708","RIMOUSKI",7056480,"Dec-12",2012,-1.3,-7.2
"709","RIMOUSKI",7056480,"Jan-13",2013,-5.5,-13.3
"710","RIMOUSKI",7056480,"Feb-13",2013,-4.6,-10.9
"711","RIMOUSKI",7056480,"Mar-13",2013,2,-3.8
"712","RIMOUSKI",7056480,"Apr-13",2013,7.6,-0.6
"713","RIMOUSKI",7056480,"May-13",2013,15.3,5.8
"714","RIMOUSKI",7056480,"Jun-13",2013,18.5,9.7
"715","RIMOUSKI",7056480,"Jul-13",2013,25,15
"716","RIMOUSKI",7056480,"Aug-13",2013,22.3,13.2
"717","RIMOUSKI",7056480,"Sep-13",2013,17.2,8.8
"718","RIMOUSKI",7056480,"Oct-13",2013,11.6,5.3
"719","RIMOUSKI",7056480,"Nov-13",2013,3.1,-2.5
"720","RIMOUSKI",7056480,"Dec-13",2013,-7.7,-11.6
"721","RIMOUSKI",7056480,"Jan-14",2014,-7.1,-14.5
"722","RIMOUSKI",7056480,"Feb-14",2014,-6.5,-12.6
"723","RIMOUSKI",7056480,"Mar-14",2014,-5.6,-13.3
"724","RIMOUSKI",7056480,"Apr-14",2014,8.3,-1.2
"725","RIMOUSKI",7056480,"May-14",2014,14.4,5.5
"726","RIMOUSKI",7056480,"Jun-14",2014,22.9,12.5
"727","RIMOUSKI",7056480,"Jul-14",2014,25.8,16.2
"728","RIMOUSKI",7056480,"Aug-14",2014,23.1,14.2
"729","RIMOUSKI",7056480,"Sep-14",2014,17.6,9.6
"730","RIMOUSKI",7056480,"Oct-14",2014,11.7,5.4
"731","RIMOUSKI",7056480,"Nov-14",2014,2.5,-2.9
"732","RIMOUSKI",7056480,"Dec-14",2014,-2.5,-7.8
"733","RIMOUSKI",7056480,"Jan-15",2015,-7.8,-15.8
"734","RIMOUSKI",7056480,"Feb-15",2015,-11.9,-19.9
"735","RIMOUSKI",7056480,"Mar-15",2015,-1.8,-9.7
"736","RIMOUSKI",7056480,"Apr-15",2015,6.6,-1.3
"737","RIMOUSKI",7056480,"May-15",2015,16.4,5.9
"738","RIMOUSKI",7056480,"Jun-15",2015,19.8,10.2
"739","RIMOUSKI",7056480,"Jul-15",2015,22.4,13.3
"740","RIMOUSKI",7056480,"Aug-15",2015,24.6,15.3
"741","RIMOUSKI",7056480,"Sep-15",2015,20.4,11.1
"742","RIMOUSKI",7056480,"Oct-15",2015,9.6,2.4
"743","RIMOUSKI",7056480,"Nov-15",2015,5.4,-0.1
"744","RIMOUSKI",7056480,"Dec-15",2015,1,-4.3
"745","RIMOUSKI",7056480,"Jan-16",2016,-4.2,-10.8
"746","RIMOUSKI",7056480,"Feb-16",2016,-4.3,-12.6
"747","RIMOUSKI",7056480,"Mar-16",2016,-0.9,-9
"748","RIMOUSKI",7056480,"Apr-16",2016,6.3,-3
"749","RIMOUSKI",7056480,"May-16",2016,16.3,5.2
"750","RIMOUSKI",7056480,"Jun-16",2016,20.6,10.5
"751","RIMOUSKI",7056480,"Jul-16",2016,22.9,13.4
"752","RIMOUSKI",7056480,"Aug-16",2016,23.9,13.7
"753","RIMOUSKI",7056480,"Sep-16",2016,19.7,9.4
"754","RIMOUSKI",7056480,"Oct-16",2016,11.5,4.5
"755","RIMOUSKI",7056480,"Nov-16",2016,5.4,0.8
"756","RIMOUSKI",7056480,"Dec-16",2016,-3.7,-10.6
"757","RIMOUSKI",7056480,"Jan-17",2017,-4,-11.5
"758","RIMOUSKI",7056480,"Feb-17",2017,-3.9,-12.7
"759","RIMOUSKI",7056480,"Mar-17",2017,-2.9,-11.4
"760","RIMOUSKI",7056480,"Apr-17",2017,7,-1.5
"761","RIMOUSKI",7056480,"May-17",2017,15,4.5
"762","RIMOUSKI",7056480,"Jun-17",2017,21.9,10.5
"763","RIMOUSKI",7056480,"Jul-17",2017,24.6,12.6
"764","RIMOUSKI",7056480,"Aug-17",2017,23.3,14.2
